Const,Title,Release Date,Genres,IMDb Rating
tt0111161,The Shawshank Redemption,1994,Drama,9.3
tt0068646,The Godfather,1972,"Crime,Drama",9.2
tt0071562,The Godfather: Part II,1974,"Crime,Drama",9.0
tt0468569,The Dark Knight,2008,"Action,Crime,Drama",9.0
tt0110912,Pulp Fiction,1994,"Crime,Drama",8.9
tt0167260,The Lord of the Rings: The Return of the King,2003,"Action,Adventure,Drama",8.9
tt0108052,Schindler's List,1993,"Biography,Drama,History",8.9
tt0109830,Forrest Gump,1994,"Drama,Romance",8.8
tt0120737,The Lord of the Rings: The Fellowship of the Ring,2001,"Action,Adventure,Drama",8.8
tt1375666,Inception,2010,"Action,Adventure,Sci-Fi",8.8
tt0137523,Fight Club,1999,Drama,8.8
tt0133093,The Matrix,1999,"Action,Sci-Fi",8.7
tt0099685,Goodfellas,1990,"Biography,Crime,Drama",8.7
tt0167261,The Lord of the Rings: The Two Towers,2002,"Action,Adventure,Drama",8.7
tt10295212,Shershaah,2021,"Action,Biography,Drama",8.7
tt5813916,The Mountain II,2016,"Action,Drama,War",8.7
tt0080684,Star Wars: Episode V - The Empire Strikes Back,1980,"Action,Adventure,Fantasy",8.7
tt0073486,One Flew Over the Cuckoo's Nest,1975,Drama,8.7
tt0317248,City of God,2002,"Crime,Drama",8.6
tt0245429,Spirited Away,2001,"Adventure,Animation,Family",8.6
tt6751668,Parasite,2019,"Comedy,Drama,Thriller",8.6
tt0076759,Star Wars: Episode IV - A New Hope,1977,"Action,Adventure,Fantasy",8.6
tt0120815,Saving Private Ryan,1998,"Drama,War",8.6
tt0120689,The Green Mile,1999,"Crime,Drama,Fantasy",8.6
tt0114369,Se7en,1995,"Crime,Drama,Mystery",8.6
tt0118799,Life Is Beautiful,1997,"Comedy,Drama,Romance",8.6
tt0816692,Interstellar,2014,"Adventure,Drama,Sci-Fi",8.6
tt0102926,The Silence of the Lambs,1991,"Crime,Drama,Horror",8.6
tt0095327,Grave of the Fireflies,1988,"Animation,Drama,War",8.5
tt0114814,The Usual Suspects,1995,"Crime,Drama,Mystery",8.5
tt0110413,Léon: The Professional,1994,"Action,Crime,Drama",8.5
tt0482571,The Prestige,2006,"Drama,Mystery,Sci-Fi",8.5
tt0095765,Cinema Paradiso,1988,"Drama,Romance",8.5
tt0110357,The Lion King,1994,"Adventure,Animation,Drama",8.5
tt2582802,Whiplash,2014,"Drama,Music",8.5
tt0172495,Gladiator,2000,"Action,Adventure,Drama",8.5
tt0103064,Terminator 2: Judgment Day,1991,"Action,Sci-Fi",8.5
tt0253474,The Pianist,2002,"Biography,Drama,Music",8.5
tt0407887,The Departed,2006,"Crime,Drama,Thriller",8.5
tt0120586,American History X,1998,Drama,8.5
tt0088763,Back to the Future,1985,"Adventure,Comedy,Sci-Fi",8.5
tt1675434,The Intouchables,2011,"Biography,Comedy,Drama",8.5
tt5311514,Your Name.,2016,"Animation,Drama,Fantasy",8.4
tt0081505,The Shining,1980,"Drama,Horror",8.4
tt0082971,Indiana Jones and the Raiders of the Lost Ark,1981,"Action,Adventure",8.4
tt5074352,Dangal,2016,"Action,Biography,Drama",8.4
tt4154756,Avengers: Infinity War,2018,"Action,Adventure,Sci-Fi",8.4
tt0364569,Oldboy,2003,"Action,Drama,Mystery",8.4
tt4154796,Avengers: Endgame,2019,"Action,Adventure,Drama",8.4
tt2380307,Coco,2017,"Adventure,Animation,Comedy",8.4
tt4633694,Spider-Man: Into the Spider-Verse,2018,"Action,Adventure,Animation",8.4
tt1853728,Django Unchained,2012,"Drama,Western",8.4
tt1345836,The Dark Knight Rises,2012,"Action,Crime",8.4
tt0078788,Apocalypse Now,1979,"Drama,Mystery,War",8.4
tt0078748,Alien,1979,"Horror,Sci-Fi",8.4
tt0405094,The Lives of Others,2006,"Drama,Mystery,Thriller",8.4
tt0986264,Like Stars on Earth,2007,"Drama,Family",8.4
tt1187043,3 Idiots,2009,"Comedy,Drama",8.4
tt0910970,WALL·E,2008,"Adventure,Animation,Family",8.4
tt0119698,Princess Mononoke,1997,"Action,Adventure,Animation",8.4
tt7286456,Joker,2019,"Crime,Drama,Thriller",8.4
tt0209144,Memento,2000,"Mystery,Thriller",8.4
tt2106476,The Hunt,2012,Drama,8.3
tt0211915,Amélie,2001,"Comedy,Romance",8.3
tt0087843,Once Upon a Time in America,1984,"Crime,Drama",8.3
tt0086190,Star Wars: Episode VI - Return of the Jedi,1983,"Action,Adventure,Fantasy",8.3
tt0208092,Snatch,2000,"Comedy,Crime",8.3
tt0180093,Requiem for a Dream,2000,Drama,8.3
tt0070735,The Sting,1973,"Comedy,Crime,Drama",8.3
tt0090605,Aliens,1986,"Action,Adventure,Sci-Fi",8.3
tt0169547,American Beauty,1999,Drama,8.3
tt0114709,Toy Story,1995,"Adventure,Animation,Comedy",8.3
tt10272386,The Father,2020,Drama,8.3
tt0093058,Full Metal Jacket,1987,"Drama,War",8.3
tt0119217,Good Will Hunting,1997,"Drama,Romance",8.3
tt0086879,Amadeus,1984,"Biography,Drama,Music",8.3
tt0066921,A Clockwork Orange,1971,"Crime,Drama,Sci-Fi",8.3
tt0086250,Scarface,1983,"Crime,Drama",8.3
tt1832382,A Separation,2011,Drama,8.3
tt1255953,Incendies,2010,"Drama,Mystery,War",8.3
tt8579674,1917,2019,"Action,Drama,War",8.3
tt1160419,Dune,2021,"Action,Adventure,Drama",8.3
tt0105236,Reservoir Dogs,1992,"Crime,Drama,Thriller",8.3
tt0082096,Das Boot,1981,"Adventure,Drama,Thriller",8.3
tt0338013,Eternal Sunshine of the Spotless Mind,2004,"Drama,Romance,Sci-Fi",8.3
tt0361748,Inglourious Basterds,2009,"Adventure,Drama,War",8.3
tt0112573,Braveheart,1995,"Biography,Drama,History",8.3
tt1130884,Shutter Island,2010,"Mystery,Thriller",8.2
tt0097576,Indiana Jones and the Last Crusade,1989,"Action,Adventure",8.2
tt0435761,Toy Story 3,2010,"Adventure,Animation,Comedy",8.2
tt0119488,L.A. Confidential,1997,"Crime,Drama,Mystery",8.2
tt0095016,Die Hard,1988,"Action,Thriller",8.2
tt0075314,Taxi Driver,1976,"Crime,Drama",8.2
tt0120735,"Lock, Stock and Two Smoking Barrels",1998,"Action,Comedy,Crime",8.2
tt1049413,Up,2009,"Adventure,Animation,Comedy",8.2
tt0112641,Casino,1995,"Crime,Drama",8.2
tt0457430,Pan's Labyrinth,2006,"Drama,Fantasy,War",8.2
tt4729430,Klaus,2019,"Adventure,Animation,Comedy",8.2
tt1305806,The Secret in Their Eyes,2009,"Drama,Mystery,Romance",8.2
tt0993846,The Wolf of Wall Street,2013,"Biography,Comedy,Crime",8.2
tt0071315,Chinatown,1974,"Drama,Mystery,Thriller",8.2
tt8110330,Dil Bechara,2020,"Comedy,Drama,Romance",8.2
tt0105695,Unforgiven,1992,"Drama,Western",8.2
tt0372784,Batman Begins,2005,"Action,Adventure",8.2
tt0347149,Howl's Moving Castle,2004,"Adventure,Animation,Family",8.2
tt0071853,Monty Python and the Holy Grail,1975,"Adventure,Comedy,Fantasy",8.2
tt0268978,A Beautiful Mind,2001,"Biography,Drama",8.2
tt0363163,Downfall,2004,"Biography,Drama,History",8.2
tt0113277,Heat,1995,"Crime,Drama,Thriller",8.2
tt0096283,My Neighbor Totoro,1988,"Animation,Family,Fantasy",8.2
tt0089881,Ran,1985,"Action,Drama,War",8.2
tt6966692,Green Book,2018,"Biography,Comedy,Drama",8.2
tt0081398,Raging Bull,1980,"Biography,Drama,Sport",8.2
tt0469494,There Will Be Blood,2007,Drama,8.2
tt0113247,La Haine,1995,"Crime,Drama",8.1
tt0118715,The Big Lebowski,1998,"Comedy,Crime,Sport",8.1
tt0116282,Fargo,1996,"Crime,Drama,Thriller",8.1
tt4016934,The Handmaiden,2016,"Drama,Romance,Thriller",8.1
tt0107290,Jurassic Park,1993,"Action,Adventure,Sci-Fi",8.1
tt0117951,Trainspotting,1996,Drama,8.1
tt0118694,In the Mood for Love,2000,"Drama,Romance",8.1
tt0107207,In the Name of the Father,1993,"Biography,Crime,Drama",8.1
tt4857264,The Invisible Guest,2016,"Crime,Drama,Mystery",8.1
tt0112471,Before Sunrise,1995,"Drama,Romance",8.1
tt2096673,Inside Out,2015,"Adventure,Animation,Comedy",8.1
tt3315342,Logan,2017,"Action,Drama,Sci-Fi",8.1
tt1895587,Spotlight,2015,"Biography,Crime,Drama",8.1
tt1392214,Prisoners,2013,"Crime,Drama,Mystery",8.1
tt1392190,Mad Max: Fury Road,2015,"Action,Adventure,Sci-Fi",8.1
tt0381681,Before Sunset,2004,"Drama,Romance",8.1
tt0395169,Hotel Rwanda,2004,"Biography,Drama,History",8.1
tt0405159,Million Dollar Baby,2004,"Drama,Sport",8.1
tt1291584,Warrior,2011,"Action,Drama,Sport",8.1
tt0405508,Rang De Basanti,2006,"Comedy,Crime,Drama",8.1
tt12361974,Zack Snyder's Justice League,2021,"Action,Adventure,Fantasy",8.1
tt0434409,V for Vendetta,2005,"Action,Drama,Sci-Fi",8.1
tt1205489,Gran Torino,2008,Drama,8.1
tt1201607,Harry Potter and the Deathly Hallows: Part 2,2011,"Adventure,Fantasy,Mystery",8.1
tt0477348,No Country for Old Men,2007,"Crime,Drama,Thriller",8.1
tt1028532,Hachi: A Dog's Tale,2009,"Biography,Drama,Family",8.1
tt0758758,Into the Wild,2007,"Adventure,Biography,Drama",8.1
tt0978762,Mary and Max,2009,"Animation,Comedy,Drama",8.1
tt0353969,Memories of Murder,2003,"Crime,Drama,Mystery",8.1
tt1950186,Ford v Ferrari,2019,"Action,Biography,Drama",8.1
tt0120382,The Truman Show,1998,"Comedy,Drama",8.1
tt1979320,Rush,2013,"Action,Biography,Drama",8.1
tt3170832,Room,2015,"Drama,Thriller",8.1
tt3011894,Wild Tales,2014,"Comedy,Drama,Thriller",8.1
tt2948372,Soul,2020,"Adventure,Animation,Comedy",8.1
tt2338151,PK,2014,"Comedy,Drama,Sci-Fi",8.1
tt0167404,The Sixth Sense,1999,"Drama,Mystery,Thriller",8.1
tt0169102,Lagaan: Once Upon a Time in India,2001,"Drama,Musical,Sport",8.1
tt2278388,The Grand Budapest Hotel,2014,"Adventure,Comedy,Crime",8.1
tt2267998,Gone Girl,2014,"Drama,Mystery,Thriller",8.1
tt0198781,"Monsters, Inc.",2001,"Adventure,Animation,Comedy",8.1
tt2119532,Hacksaw Ridge,2016,"Biography,Drama,History",8.1
tt0245712,Love's a Bitch,2000,"Drama,Thriller",8.1
tt2024544,12 Years a Slave,2013,"Biography,Drama,History",8.1
tt0264464,Catch Me If You Can,2002,"Biography,Crime,Drama",8.1
tt0266543,Finding Nemo,2003,"Adventure,Animation,Comedy",8.1
tt0266697,Kill Bill: Vol. 1,2003,"Action,Crime,Drama",8.1
tt5027774,"Three Billboards Outside Ebbing, Missouri",2017,"Comedy,Crime,Drama",8.1
tt0892769,How to Train Your Dragon,2010,"Action,Adventure,Animation",8.1
tt0079470,Monty Python's Life of Brian,1979,Comedy,8.1
tt0080678,The Elephant Man,1980,"Biography,Drama",8.1
tt0084787,The Thing,1982,"Horror,Mystery,Sci-Fi",8.1
tt0079944,Stalker,1979,"Drama,Sci-Fi",8.1
tt0072684,Barry Lyndon,1975,"Adventure,Drama,History",8.1
tt0083658,Blade Runner,1982,"Action,Sci-Fi,Thriller",8.1
tt0074958,Network,1976,Drama,8.1
tt0093779,The Princess Bride,1987,"Adventure,Family,Fantasy",8.1
tt0075148,Rocky,1976,"Drama,Sport",8.1
tt0087544,Nausicaä of the Valley of the Wind,1984,"Adventure,Animation,Fantasy",8.1
tt0097165,Dead Poets Society,1989,"Comedy,Drama",8.1
tt0077416,The Deer Hunter,1978,"Drama,War",8.1
tt0092005,Stand by Me,1986,"Adventure,Drama",8.1
tt0091763,Platoon,1986,"Drama,War",8.1
tt1663202,The Revenant,2015,"Action,Adventure,Drama",8.0
tt3659388,The Martian,2015,"Adventure,Drama,Sci-Fi",8.0
tt0338564,Infernal Affairs,2002,"Action,Crime,Drama",8.0
tt1856101,Blade Runner 2049,2017,"Action,Drama,Mystery",8.0
tt1798709,Her,2013,"Drama,Romance,Sci-Fi",8.0
tt3741834,Lion,2016,"Biography,Drama",8.0
tt3783958,La La Land,2016,"Comedy,Drama,Music",8.0
tt0114746,12 Monkeys,1995,"Mystery,Sci-Fi,Thriller",8.0
tt0317705,The Incredibles,2004,"Action,Adventure,Animation",8.0
tt0095953,Rain Man,1988,Drama,8.0
tt0325980,Pirates of the Caribbean: The Curse of the Black Pearl,2003,"Action,Adventure,Fantasy",8.0
tt0319061,Big Fish,2003,"Adventure,Drama,Fantasy",8.0
tt0276919,Dogville,2003,"Crime,Drama",8.0
tt0947798,Black Swan,2010,"Drama,Thriller",8.0
tt0113568,Ghost in the Shell,1995,"Action,Animation,Crime",8.0
tt0073195,Jaws,1975,"Adventure,Thriller",8.0
tt0454921,The Pursuit of Happyness,2006,"Biography,Drama",8.0
tt0094625,Akira,1988,"Action,Animation,Drama",8.0
tt0088247,The Terminator,1984,"Action,Sci-Fi",8.0
tt0092067,Castle in the Sky,1986,"Adventure,Animation,Drama",8.0
tt0129167,The Iron Giant,1999,"Action,Adventure,Animation",8.0
tt0070511,Papillon,1973,"Biography,Crime,Drama",8.0
tt2631186,Baahubali: The Beginning,2015,"Action,Drama",8.0
tt0168629,Dancer in the Dark,2000,"Crime,Drama,Musical",8.0
tt0175880,Magnolia,1999,Drama,8.0
tt2948356,Zootopia,2016,"Adventure,Animation,Comedy",8.0
tt2265171,The Raid 2,2014,"Action,Crime,Thriller",8.0
tt1010048,Slumdog Millionaire,2008,"Drama,Romance",8.0
tt0083987,Gandhi,1982,"Biography,Drama",8.0
tt2084970,The Imitation Game,2014,"Biography,Drama,Thriller",8.0
tt0072431,Young Frankenstein,1974,Comedy,8.0
tt0070047,The Exorcist,1973,Horror,8.0
tt0246578,Donnie Darko,2001,"Drama,Mystery,Sci-Fi",8.0
tt2015381,Guardians of the Galaxy,2014,"Action,Adventure,Comedy",8.0
tt0072890,Dog Day Afternoon,1975,"Biography,Crime,Drama",8.0
tt0352248,Cinderella Man,2005,"Biography,Drama,History",8.0
tt0790636,Dallas Buyers Club,2013,"Biography,Drama",8.0
tt0450259,Blood Diamond,2006,"Adventure,Drama,Thriller",8.0
tt2543472,Wonder,2017,"Drama,Family",8.0
tt0440963,The Bourne Ultimatum,2007,"Action,Adventure,Mystery",8.0
tt0103639,Aladdin,1992,"Adventure,Animation,Comedy",8.0
tt1454029,The Help,2011,Drama,8.0
tt0099348,Dances with Wolves,1990,"Adventure,Drama,Western",8.0
tt0107048,Groundhog Day,1993,"Comedy,Fantasy,Romance",8.0
tt1188996,My Name Is Khan,2010,Drama,8.0
tt0401383,The Diving Bell and the Butterfly,2007,"Biography,Drama",8.0
tt1504320,The King's Speech,2010,"Biography,Drama,History",8.0
tt0401792,Sin City,2005,"Crime,Thriller",8.0
tt1431045,Deadpool,2016,"Action,Adventure,Comedy",8.0
tt0074119,All the President's Men,1976,"Drama,History,Thriller",8.0
tt0861739,Elite Squad,2007,"Action,Crime,Drama",8.0
tt0102138,JFK,1991,"Drama,History,Thriller",8.0
tt0848228,The Avengers,2012,"Action,Adventure,Sci-Fi",8.0
tt0381061,Casino Royale,2006,"Action,Adventure,Thriller",8.0
tt0378194,Kill Bill: Vol. 2,2004,"Action,Crime,Thriller",8.0
tt0107688,The Nightmare Before Christmas,1993,"Animation,Family,Fantasy",8.0
tt0101414,Beauty and the Beast,1991,"Animation,Family,Fantasy",8.0
tt0382932,Ratatouille,2007,"Adventure,Animation,Comedy",8.0
tt1220719,Ip Man,2008,"Action,Biography,Drama",8.0
tt0075686,Annie Hall,1977,"Comedy,Romance",8.0
tt0105323,Scent of a Woman,1992,Drama,8.0
tt0094226,The Untouchables,1987,"Crime,Drama,Thriller",7.9
tt4698684,Hunt for the Wilderpeople,2016,"Adventure,Comedy,Drama",7.9
tt5726616,Call Me by Your Name,2017,"Drama,Romance",7.9
tt1125849,The Wrestler,2008,"Drama,Sport",7.9
tt0258463,The Bourne Identity,2002,"Action,Mystery,Thriller",7.9
tt0085334,A Christmas Story,1983,"Comedy,Family",7.9
tt3501632,Thor: Ragnarok,2017,"Action,Adventure,Comedy",7.9
tt0106519,Carlito's Way,1993,"Crime,Drama,Thriller",7.9
tt0099487,Edward Scissorhands,1990,"Drama,Fantasy,Romance",7.9
tt1065073,Boyhood,2014,Drama,7.9
tt0780536,In Bruges,2008,"Comedy,Crime,Drama",7.9
tt8946378,Knives Out,2019,"Comedy,Crime,Drama",7.9
tt0120363,Toy Story 2,1999,"Adventure,Animation,Comedy",7.9
tt1136608,District 9,2009,"Action,Sci-Fi,Thriller",7.9
tt0088258,This Is Spinal Tap,1984,"Comedy,Music",7.9
tt0206634,Children of Men,2006,"Action,Sci-Fi,Thriller",7.9
tt2209418,Before Midnight,2013,"Drama,Romance",7.9
tt0088846,Brazil,1985,"Drama,Sci-Fi",7.9
tt0432283,Fantastic Mr. Fox,2009,"Adventure,Animation,Comedy",7.9
tt0756683,The Man from Earth,2007,"Drama,Fantasy,Mystery",7.9
tt0166924,Mulholland Drive,2001,"Drama,Mystery,Thriller",7.9
tt0077402,Dawn of the Dead,1978,"Horror,Thriller",7.9
tt0498380,Letters from Iwo Jima,2006,"Action,Adventure,Drama",7.9
tt2584384,Jojo Rabbit,2019,"Comedy,Drama,War",7.9
tt0126029,Shrek,2001,"Adventure,Animation,Comedy",7.9
tt7653254,Marriage Story,2019,"Comedy,Drama,Romance",7.9
tt5104604,Isle of Dogs,2018,"Adventure,Animation,Comedy",7.9
tt0365748,Shaun of the Dead,2004,"Comedy,Horror",7.9
tt0299977,Hero,2002,"Action,Adventure,Drama",7.9
tt0097814,Kiki's Delivery Service,1989,"Adventure,Animation,Drama",7.9
tt1631867,Edge of Tomorrow,2014,"Action,Adventure,Sci-Fi",7.9
tt0327056,Mystic River,2003,"Crime,Drama,Mystery",7.9
tt1655442,The Artist,2011,"Comedy,Drama,Romance",7.9
tt1659337,The Perks of Being a Wallflower,2012,"Drama,Romance",7.9
tt0080455,The Blues Brothers,1980,"Action,Adventure,Comedy",7.9
tt0079522,Manhattan,1979,"Comedy,Drama,Romance",7.9
tt0454876,Life of Pi,2012,"Adventure,Drama,Fantasy",7.9
tt0108399,True Romance,1993,"Crime,Drama,Romance",7.9
tt0310793,Bowling for Columbine,2002,"Crime,Documentary,Drama",7.9
tt1727824,Bohemian Rhapsody,2018,"Biography,Drama,Music",7.9
tt0304141,Harry Potter and the Prisoner of Azkaban,2004,"Adventure,Family,Fantasy",7.9
tt2543164,Arrival,2016,"Drama,Sci-Fi",7.9
tt0371746,Iron Man,2008,"Action,Adventure,Sci-Fi",7.9
tt0181875,Almost Famous,2000,"Adventure,Comedy,Drama",7.9
tt0287467,Talk to Her,2002,"Drama,Mystery,Romance",7.9
tt9376612,Shang-Chi and the Legend of the Ten Rings,2021,"Action,Adventure,Fantasy",7.9
tt1139797,Let the Right One In,2008,"Crime,Drama,Fantasy",7.9
tt0796366,Star Trek,2009,"Action,Adventure,Sci-Fi",7.9
tt3553976,Captain Fantastic,2016,"Comedy,Drama",7.9
tt0460791,The Fall,2006,"Adventure,Drama,Fantasy",7.9
tt1877832,X-Men: Days of Future Past,2014,"Action,Adventure,Sci-Fi",7.9
tt0118749,Boogie Nights,1997,Drama,7.9
tt0485947,Mr. Nobody,2009,"Drama,Fantasy,Romance",7.8
tt0332280,The Notebook,2004,"Drama,Romance",7.8
tt0071360,The Conversation,1974,"Drama,Mystery,Thriller",7.8
tt0162222,Cast Away,2000,"Adventure,Drama,Romance",7.8
tt0358273,Walk the Line,2005,"Biography,Drama,Music",7.8
tt1596363,The Big Short,2015,"Biography,Comedy,Drama",7.8
tt1588170,I Saw the Devil,2010,"Action,Crime,Drama",7.8
tt0087332,Ghostbusters,1984,"Action,Comedy,Fantasy",7.8
tt10288566,Another Round,2020,"Comedy,Drama",7.8
tt1132620,The Girl with the Dragon Tattoo,2009,"Crime,Drama,Mystery",7.8
tt1568346,The Girl with the Dragon Tattoo,2011,"Crime,Drama,Mystery",7.8
tt0140352,The Insider,1999,"Biography,Drama,Thriller",7.8
tt1170358,The Hobbit: The Desolation of Smaug,2013,"Adventure,Fantasy",7.8
tt0414387,Pride & Prejudice,2005,"Drama,Romance",7.8
tt1535109,Captain Phillips,2013,"Adventure,Biography,Crime",7.8
tt2488496,Star Wars: Episode VII - The Force Awakens,2015,"Action,Adventure,Sci-Fi",7.8
tt0421715,The Curious Case of Benjamin Button,2008,"Drama,Fantasy,Romance",7.8
tt0091042,Ferris Bueller's Day Off,1986,Comedy,7.8
tt0088847,The Breakfast Club,1985,"Comedy,Drama",7.8
tt1302006,The Irishman,2019,"Biography,Crime,Drama",7.8
tt0089218,The Goonies,1985,"Adventure,Comedy,Family",7.8
tt1074638,Skyfall,2012,"Action,Adventure,Thriller",7.8
tt1748122,Moonrise Kingdom,2012,"Comedy,Drama,Romance",7.8
tt8367814,The Gentlemen,2019,"Action,Comedy,Crime",7.8
tt1398426,Straight Outta Compton,2015,"Biography,Drama,History",7.8
tt1070874,The Trial of the Chicago 7,2020,"Drama,History,Thriller",7.8
tt0472043,Apocalypto,2006,"Action,Adventure,Drama",7.8
tt0210945,Remember the Titans,2000,"Biography,Drama,Sport",7.8
tt0083866,E.T. the Extra-Terrestrial,1982,"Family,Sci-Fi",7.8
tt1924396,The Best Offer,2013,"Crime,Drama,Mystery",7.8
tt2194499,About Time,2013,"Comedy,Drama,Fantasy",7.8
tt1182345,Moon,2009,"Drama,Mystery,Sci-Fi",7.8
tt2245084,Big Hero 6,2014,"Action,Adventure,Animation",7.8
tt0190332,"Crouching Tiger, Hidden Dragon",2000,"Action,Adventure,Drama",7.8
tt0449059,Little Miss Sunshine,2006,"Comedy,Drama",7.8
tt0100157,Misery,1990,"Drama,Thriller",7.8
tt0079417,Kramer vs. Kramer,1979,Drama,7.8
tt1646971,How to Train Your Dragon 2,2014,"Action,Adventure,Animation",7.8
tt0379786,Serenity,2005,"Action,Adventure,Sci-Fi",7.8
tt0425112,Hot Fuzz,2007,"Action,Comedy,Mystery",7.8
tt0109707,Ed Wood,1994,"Biography,Comedy,Drama",7.8
tt0106489,A Bronx Tale,1993,"Crime,Drama",7.8
tt0106977,The Fugitive,1993,"Action,Crime,Drama",7.8
tt4846340,Hidden Figures,2016,"Biography,Drama,History",7.8
tt0783233,Atonement,2007,"Drama,Mystery,Romance",7.8
tt4034228,Manchester by the Sea,2016,Drama,7.8
tt0096874,Back to the Future Part II,1989,"Adventure,Comedy,Sci-Fi",7.8
tt0067992,Willy Wonka & the Chocolate Factory,1971,"Family,Fantasy,Musical",7.8
tt0099077,Awakenings,1990,"Biography,Drama",7.8
tt0108358,Tombstone,1993,"Action,Biography,Drama",7.8
tt4302938,Kubo and the Two Strings,2016,"Action,Adventure,Animation",7.8
tt0120338,Titanic,1997,"Drama,Romance",7.8
tt5363618,Sound of Metal,2019,"Drama,Music",7.8
tt0765429,American Gangster,2007,"Biography,Crime,Drama",7.8
tt0914798,The Boy in the Striped Pajamas,2008,"Drama,History,War",7.8
tt0936501,Taken,2008,"Action,Crime,Thriller",7.8
tt0097441,Glory,1989,"Biography,Drama,History",7.8
tt0093773,Predator,1987,"Action,Adventure,Sci-Fi",7.8
tt0780504,Drive,2011,"Crime,Drama",7.8
tt2872718,Nightcrawler,2014,"Crime,Drama,Thriller",7.8
tt0907657,Once,2007,"Drama,Music,Romance",7.8
tt3281548,Little Women,2019,"Drama,Romance",7.8
tt0499549,Avatar,2009,"Action,Adventure,Fantasy",7.8
tt0903624,The Hobbit: An Unexpected Journey,2012,"Adventure,Fantasy",7.8
tt5013056,Dunkirk,2017,"Action,Drama,History",7.8
tt3498820,Captain America: Civil War,2016,"Action,Adventure,Sci-Fi",7.8
tt0119177,Gattaca,1997,"Drama,Sci-Fi,Thriller",7.8
tt3748528,Rogue One: A Star Wars Story,2016,"Action,Adventure,Sci-Fi",7.8
tt0101507,Boyz n the Hood,1991,"Crime,Drama",7.8
tt0964517,The Fighter,2010,"Biography,Drama,Sport",7.8
tt3460252,The Hateful Eight,2015,"Crime,Drama,Mystery",7.8
tt1843866,Captain America: The Winter Soldier,2014,"Action,Adventure,Sci-Fi",7.7
tt0117381,Primal Fear,1996,"Crime,Drama,Mystery",7.7
tt0335266,Lost in Translation,2003,"Comedy,Drama",7.7
tt1605783,Midnight in Paris,2011,"Comedy,Fantasy,Romance",7.7
tt5362988,Wind River,2017,"Crime,Drama,Mystery",7.7
tt0083944,First Blood,1982,"Action,Adventure",7.7
tt0455590,The Last King of Scotland,2006,"Biography,Drama,History",7.7
tt1821549,Nebraska,2013,"Adventure,Comedy,Drama",7.7
tt5463162,Deadpool 2,2018,"Action,Adventure,Comedy",7.7
tt0330373,Harry Potter and the Goblet of Fire,2005,"Adventure,Family,Fantasy",7.7
tt0328107,Man on Fire,2004,"Action,Crime,Drama",7.7
tt0301357,Good Bye Lenin!,2003,"Comedy,Drama,Romance",7.7
tt1772341,Wreck-It Ralph,2012,"Adventure,Animation,Comedy",7.7
tt0325710,The Last Samurai,2003,"Action,Drama",7.7
tt0308644,Finding Neverland,2004,"Biography,Drama,Family",7.7
tt0096438,Who Framed Roger Rabbit,1988,"Adventure,Animation,Comedy",7.7
tt2562232,Birdman or (The Unexpected Virtue of Ignorance),2014,"Comedy,Drama",7.7
tt0926084,Harry Potter and the Deathly Hallows: Part 1,2010,"Adventure,Fantasy,Mystery",7.7
tt0114388,Sense and Sensibility,1995,"Drama,Romance",7.7
tt0327597,Coraline,2009,"Animation,Drama,Family",7.7
tt0130827,Run Lola Run,1998,"Crime,Drama,Thriller",7.7
tt0824747,Changeling,2008,"Biography,Crime,Drama",7.7
tt0104691,The Last of the Mohicans,1992,"Action,Adventure,Drama",7.7
tt0425210,Lucky Number Slevin,2006,"Crime,Drama,Thriller",7.7
tt0876563,Ponyo,2008,"Adventure,Animation,Comedy",7.7
tt1270798,X-Men: First Class,2011,"Action,Adventure,Sci-Fi",7.7
tt0066999,Dirty Harry,1971,"Action,Crime,Thriller",7.7
tt5052448,Get Out,2017,"Horror,Mystery,Thriller",7.7
tt0101410,Barton Fink,1991,"Comedy,Drama,Thriller",7.7
tt1285016,The Social Network,2010,"Biography,Drama",7.7
tt0077651,Halloween,1978,"Horror,Thriller",7.7
tt0870111,Frost/Nixon,2008,"Biography,Drama,History",7.7
tt0398286,Tangled,2010,"Adventure,Animation,Comedy",7.7
tt4912910,Mission: Impossible - Fallout,2018,"Action,Adventure,Thriller",7.7
tt0104257,A Few Good Men,1992,"Drama,Thriller",7.7
tt0388795,Brokeback Mountain,2005,"Drama,Romance",7.7
tt0104348,Glengarry Glen Ross,1992,"Crime,Drama,Mystery",7.7
tt0381849,3:10 to Yuma,2007,"Action,Crime,Drama",7.7
tt0350258,Ray,2004,"Biography,Drama,Music",7.7
tt0375679,Crash,2004,"Crime,Drama,Thriller",7.7
tt0107818,Philadelphia,1993,Drama,7.7
tt0373074,Kung Fu Hustle,2004,"Action,Comedy,Fantasy",7.7
tt0080339,Airplane!,1980,Comedy,7.7
tt1408101,Star Trek Into Darkness,2013,"Action,Adventure,Sci-Fi",7.7
tt0372183,The Bourne Supremacy,2004,"Action,Mystery,Thriller",7.7
tt0443706,Zodiac,2007,"Crime,Drama,Mystery",7.7
tt0108550,What's Eating Gilbert Grape,1993,Drama,7.7
tt1454468,Gravity,2013,"Adventure,Drama,Sci-Fi",7.7
tt0109445,Clerks,1994,Comedy,7.7
tt0067116,The French Connection,1971,"Action,Crime,Drama",7.7
tt0361862,The Machinist,2004,"Drama,Thriller",7.7
tt0070034,Enter the Dragon,1973,"Action,Crime,Drama",7.7
tt1490017,The Lego Movie,2014,"Action,Adventure,Animation",7.7
tt0068473,Deliverance,1972,"Adventure,Drama,Thriller",7.7
tt0100150,Miller's Crossing,1990,"Crime,Drama,Thriller",7.7
tt0245844,The Count of Monte Cristo,2002,"Action,Adventure,Drama",7.7
tt0070666,Serpico,1973,"Biography,Crime,Drama",7.7
tt0240772,Ocean's Eleven,2001,"Crime,Thriller",7.7
tt0151804,Office Space,1999,Comedy,7.7
tt0119174,The Game,1997,"Action,Drama,Mystery",7.7
tt2278871,Blue Is the Warmest Colour,2013,"Drama,Romance",7.7
tt0257044,Road to Perdition,2002,"Crime,Drama,Thriller",7.7
tt1119646,The Hangover,2009,Comedy,7.7
tt0090756,Blue Velvet,1986,"Drama,Mystery,Thriller",7.7
tt0249462,Billy Elliot,2000,"Drama,Music",7.7
tt0158983,"South Park: Bigger, Longer & Uncut",1999,"Animation,Comedy,Fantasy",7.7
tt2582846,The Fault in Our Stars,2014,"Drama,Romance",7.7
tt0092965,Empire of the Sun,1987,"Action,Drama,History",7.7
tt3416742,What We Do in the Shadows,2014,"Comedy,Horror",7.7
tt0091605,The Name of the Rose,1986,"Crime,Drama,Mystery",7.7
tt0120601,Being John Malkovich,1999,"Comedy,Drama,Fantasy",7.7
tt0470752,Ex Machina,2014,"Drama,Sci-Fi,Thriller",7.7
tt0119822,As Good as It Gets,1997,"Comedy,Drama,Romance",7.7
tt0071230,Blazing Saddles,1974,"Comedy,Western",7.7
tt2802144,Kingsman: The Secret Service,2014,"Action,Adventure,Comedy",7.7
tt0480025,This Is England,2006,"Crime,Drama",7.7
tt1045658,Silver Linings Playbook,2012,"Comedy,Drama,Romance",7.7
tt0265086,Black Hawk Down,2001,"Drama,History,War",7.7
tt6155172,Roma,2018,Drama,7.7
tt2582496,Me and Earl and the Dying Girl,2015,"Comedy,Drama",7.7
tt1022603,500 Days of Summer,2009,"Comedy,Drama,Romance",7.7
tt0139654,Training Day,2001,"Crime,Drama,Thriller",7.7
tt0084726,Star Trek II: The Wrath of Khan,1982,"Action,Adventure,Sci-Fi",7.7
tt1024648,Argo,2012,"Biography,Drama,Thriller",7.7
tt0190590,"O Brother, Where Art Thou?",2000,"Adventure,Comedy,Crime",7.7
tt2980516,The Theory of Everything,2014,"Biography,Drama,Romance",7.7
tt0092991,Evil Dead II,1987,"Comedy,Horror",7.7
tt0268126,Adaptation.,2002,"Comedy,Drama",7.7
tt0144117,The Boondock Saints,1999,"Action,Crime,Thriller",7.7
tt1979376,Toy Story 4,2019,"Adventure,Animation,Comedy",7.7
tt0128445,Rushmore,1998,"Comedy,Drama,Romance",7.7
tt0119116,The Fifth Element,1997,"Action,Adventure,Sci-Fi",7.7
tt0119008,Donnie Brasco,1997,"Biography,Crime,Drama",7.7
tt0109506,The Crow,1994,"Action,Fantasy,Thriller",7.6
tt0091064,The Fly,1986,"Drama,Horror,Sci-Fi",7.6
tt1189073,The Skin I Live In,2011,"Drama,Horror,Thriller",7.6
tt0443543,The Illusionist,2006,"Drama,Fantasy,Mystery",7.6
tt0475276,United 93,2006,"Action,Drama,History",7.6
tt0106677,Dazed and Confused,1993,Comedy,7.6
tt0120762,Mulan,1998,"Adventure,Animation,Comedy",7.6
tt0106856,Falling Down,1993,"Action,Crime,Drama",7.6
tt0120863,The Thin Red Line,1998,"Drama,History,War",7.6
tt0181865,Traffic,2000,"Crime,Drama,Thriller",7.6
tt0181689,Minority Report,2002,"Action,Crime,Mystery",7.6
tt1403865,True Grit,2010,"Drama,Western",7.6
tt0441773,Kung Fu Panda,2008,"Action,Adventure,Animation",7.6
tt0120669,Fear and Loathing in Las Vegas,1998,"Adventure,Comedy,Drama",7.6
tt0104952,My Cousin Vinny,1992,"Comedy,Crime",7.6
tt2713180,Fury,2014,"Action,Drama,War",7.6
tt0878804,The Blind Side,2009,"Biography,Drama,Sport",7.6
tt1250777,Kick-Ass,2010,"Action,Comedy,Crime",7.6
tt0070608,Robin Hood,1973,"Adventure,Animation,Comedy",7.6
tt0417741,Harry Potter and the Half-Blood Prince,2009,"Action,Adventure,Family",7.6
tt0416449,300,2006,"Action,Drama",7.6
tt0416320,Match Point,2005,"Drama,Romance,Thriller",7.6
tt0144084,American Psycho,2000,"Comedy,Crime,Drama",7.6
tt0427944,Thank You for Smoking,2005,"Comedy,Drama",7.6
tt0409459,Watchmen,2009,"Action,Drama,Mystery",7.6
tt2582782,Hell or High Water,2016,"Action,Crime,Drama",7.6
tt0075860,Close Encounters of the Third Kind,1977,"Drama,Sci-Fi",7.6
tt0486655,Stardust,2007,"Adventure,Family,Fantasy",7.6
tt0099810,The Hunt for Red October,1990,"Action,Adventure,Thriller",7.6
tt8404614,The Two Popes,2019,"Comedy,Drama",7.6
tt0099785,Home Alone,1990,"Comedy,Family",7.6
tt0099674,The Godfather: Part III,1990,"Crime,Drama",7.6
tt0399295,Lord of War,2005,"Action,Crime,Drama",7.6
tt1306980,50/50,2011,"Comedy,Drama,Romance",7.6
tt1485796,The Greatest Showman,2017,"Biography,Drama,Musical",7.6
tt1210166,Moneyball,2011,"Biography,Drama,Sport",7.6
tt1323594,Despicable Me,2010,"Adventure,Animation,Comedy",7.6
tt0079116,Escape from Alcatraz,1979,"Action,Biography,Crime",7.6
tt0387564,Saw,2004,"Horror,Mystery,Thriller",7.6
tt0093409,Lethal Weapon,1987,"Action,Crime,Thriller",7.6
tt3896198,Guardians of the Galaxy Vol. 2,2017,"Action,Adventure,Comedy",7.6
tt1063669,The Wave,2008,"Drama,Thriller",7.6
tt0116922,Lost Highway,1997,"Mystery,Thriller",7.6
tt0203009,Moulin Rouge!,2001,"Drama,Musical,Romance",7.6
tt0245574,Y tu mamá también,2001,Drama,7.6
tt0814314,Seven Pounds,2008,Drama,7.6
tt0454848,Inside Man,2006,"Crime,Drama,Mystery",7.6
tt0315733,21 Grams,2003,"Crime,Drama,Thriller",7.6
tt0314331,Love Actually,2003,"Comedy,Drama,Romance",7.6
tt1707386,Les Misérables,2012,"Drama,Musical,Romance",7.6
tt0095705,The Naked Gun: From the Files of Police Squad!,1988,"Comedy,Crime",7.6
tt5700672,Train to Busan,2016,"Action,Horror,Thriller",7.6
tt0307901,25th Hour,2002,Drama,7.6
tt3890160,Baby Driver,2017,"Action,Crime,Drama",7.6
tt0265666,The Royal Tenenbaums,2001,"Comedy,Drama",7.6
tt0266308,Battle Royale,2000,"Action,Adventure,Drama",7.6
tt3682448,Bridge of Spies,2015,"Drama,History,Thriller",7.6
tt0112864,Die Hard with a Vengeance,1995,"Action,Adventure,Thriller",7.6
tt7668870,Searching,2018,"Drama,Mystery,Thriller",7.6
tt1855199,End of Watch,2012,"Action,Crime,Drama",7.6
tt3606756,Incredibles 2,2018,"Action,Adventure,Animation",7.6
tt0117665,Sleepers,1996,"Crime,Drama,Thriller",7.6
tt0289879,The Butterfly Effect,2004,"Drama,Sci-Fi,Thriller",7.6
tt0117731,Star Trek: First Contact,1996,"Action,Adventure,Drama",7.6
tt0289043,28 Days Later...,2002,"Drama,Horror,Sci-Fi",7.6
tt0976051,The Reader,2008,"Drama,Romance",7.6
tt1899353,The Raid: Redemption,2011,"Action,Thriller",7.6
tt0277027,I Am Sam,2001,Drama,7.6
tt3521164,Moana,2016,"Adventure,Animation,Comedy",7.6
tt5649144,The Florida Project,2017,Drama,7.6
tt0118929,Dark City,1998,"Fantasy,Mystery,Sci-Fi",7.6
tt3397884,Sicario,2015,"Action,Crime,Drama",7.6
tt1649419,The Impossible,2012,"Drama,History,Thriller",7.6
tt0215750,Enemy at the Gates,2001,"Drama,History,War",7.6
tt3076658,Creed,2015,"Drama,Sport",7.6
tt0765443,Eastern Promises,2007,"Action,Crime,Drama",7.6
tt5164432,"Love, Simon",2018,"Comedy,Drama,Romance",7.6
tt0097757,The Little Mermaid,1989,"Animation,Family,Fantasy",7.6
tt1517451,A Star Is Born,2018,"Drama,Music,Romance",7.6
tt0241527,Harry Potter and the Sorcerer's Stone,2001,"Adventure,Family,Fantasy",7.6
tt0829482,Superbad,2007,Comedy,7.6
tt0452623,Gone Baby Gone,2007,"Crime,Drama,Mystery",7.6
tt4481414,Gifted,2017,Drama,7.6
tt0082694,Mad Max 2: The Road Warrior,1981,"Action,Adventure,Sci-Fi",7.6
tt1156398,Zombieland,2009,"Adventure,Comedy,Horror",7.6
tt0112384,Apollo 13,1995,"Adventure,Drama,History",7.6
tt0221027,Blow,2001,"Biography,Crime,Drama",7.6
tt0093748,"Planes, Trains & Automobiles",1987,"Comedy,Drama",7.6
tt0097958,National Lampoon's Christmas Vacation,1989,Comedy,7.6
tt2103281,Dawn of the Planet of the Apes,2014,"Action,Adventure,Drama",7.6
tt0988045,Sherlock Holmes,2009,"Action,Adventure,Mystery",7.6
tt0098635,When Harry Met Sally...,1989,"Comedy,Drama,Romance",7.6
tt0230600,The Others,2001,"Horror,Mystery,Thriller",7.6
tt7131622,Once Upon a Time... In Hollywood,2019,"Comedy,Drama",7.6
tt0093870,RoboCop,1987,"Action,Crime,Sci-Fi",7.6
tt0446029,Scott Pilgrim vs. the World,2010,"Action,Comedy,Fantasy",7.5
tt0426931,August Rush,2007,"Drama,Music",7.5
tt0945513,Source Code,2011,"Action,Drama,Mystery",7.5
tt9620292,Promising Young Woman,2020,"Crime,Drama,Mystery",7.5
tt0443680,The Assassination of Jesse James by the Coward Robert Ford,2007,"Biography,Crime,Drama",7.5
tt0918927,Doubt,2008,"Drama,Mystery",7.5
tt1013753,Milk,2008,"Biography,Drama",7.5
tt0072271,The Texas Chain Saw Massacre,1974,Horror,7.5
tt0970179,Hugo,2011,"Drama,Family,Fantasy",7.5
tt0075005,The Omen,1976,"Horror,Mystery",7.5
tt0840361,The Town,2010,"Crime,Drama,Thriller",7.5
tt1211837,Doctor Strange,2016,"Action,Adventure,Fantasy",7.5
tt1091191,Lone Survivor,2013,"Action,Biography,Drama",7.5
tt0816442,The Book Thief,2013,"Drama,War",7.5
tt0462322,Grindhouse,2007,"Action,Horror,Thriller",7.5
tt2382320,No Time to Die,2021,"Action,Adventure,Thriller",7.5
tt1242460,We Need to Talk About Kevin,2011,"Drama,Mystery,Thriller",7.5
tt6499752,Upgrade,2018,"Action,Sci-Fi,Thriller",7.5
tt0420223,Stranger Than Fiction,2006,"Comedy,Drama,Fantasy",7.5
tt0096754,The Abyss,1989,"Adventure,Drama,Mystery",7.5
tt0087800,A Nightmare on Elm Street,1984,Horror,7.5
tt2140373,Saving Mr. Banks,2013,"Biography,Comedy,Drama",7.5
tt0217505,Gangs of New York,2002,"Crime,Drama",7.5
tt0087469,Indiana Jones and the Temple of Doom,1984,"Action,Adventure",7.5
tt2042568,Inside Llewyn Davis,2013,"Comedy,Drama,Music",7.5
tt0243133,The Man Who Wasn't There,2001,"Crime,Drama",7.5
tt0096895,Batman,1989,"Action,Adventure",7.5
tt0086465,Trading Places,1983,Comedy,7.5
tt0085959,The Meaning of Life,1983,"Comedy,Musical",7.5
tt7349662,BlacKkKlansman,2018,"Biography,Comedy,Crime",7.5
tt4425200,John Wick: Chapter 2,2017,"Action,Crime,Thriller",7.5
tt0268380,Ice Age,2002,"Adventure,Animation,Comedy",7.5
tt1951264,The Hunger Games: Catching Fire,2013,"Action,Drama,Mystery",7.5
tt6644200,A Quiet Place,2018,"Drama,Horror,Sci-Fi",7.5
tt5462602,The Big Sick,2017,"Comedy,Drama,Romance",7.5
tt0289992,The Life of David Gale,2003,"Crime,Drama,Thriller",7.5
tt0113627,Leaving Las Vegas,1995,"Drama,Romance",7.5
tt0119396,Jackie Brown,1997,"Crime,Drama,Thriller",7.5
tt0118971,The Devil's Advocate,1997,"Drama,Mystery,Thriller",7.5
tt5776858,Phantom Thread,2017,"Drama,Romance",7.5
tt0118884,Contact,1997,"Drama,Mystery,Sci-Fi",7.5
tt0120789,Pleasantville,1998,"Comedy,Drama,Fantasy",7.5
tt0094721,Beetlejuice,1988,"Comedy,Fantasy",7.5
tt5580036,"I, Tonya",2017,"Biography,Comedy,Drama",7.5
tt0121766,Star Wars: Episode III - Revenge of the Sith,2005,"Action,Adventure,Fantasy",7.5
tt2397535,Predestination,2014,"Action,Drama,Sci-Fi",7.5
tt2386490,How to Train Your Dragon: The Hidden World,2019,"Action,Adventure,Animation",7.5
tt0887912,The Hurt Locker,2008,"Drama,Thriller,War",7.5
tt0146882,High Fidelity,2000,"Comedy,Drama,Music",7.5
tt0117913,A Time to Kill,1996,"Crime,Drama,Thriller",7.5
tt2381111,Brooklyn,2015,"Drama,Romance",7.5
tt0095159,A Fish Called Wanda,1988,"Comedy,Crime",7.5
tt3316960,Still Alice,2014,Drama,7.5
tt0274558,The Hours,2002,"Drama,Romance",7.5
tt4550098,Nocturnal Animals,2016,"Drama,Thriller",7.5
tt5083738,The Favourite,2018,"Biography,Comedy,Drama",7.5
tt0083907,The Evil Dead,1981,Horror,7.5
tt0373889,Harry Potter and the Order of the Phoenix,2007,"Action,Adventure,Family",7.5
tt0375063,Sideways,2004,"Comedy,Drama,Romance",7.5
tt1386932,Ip Man 2,2010,"Action,Biography,Drama",7.5
tt0385004,House of Flying Daggers,2004,"Action,Adventure,Drama",7.5
tt1318514,Rise of the Planet of the Apes,2011,"Action,Drama,Sci-Fi",7.5
tt0396171,Perfume: The Story of a Murderer,2006,"Crime,Drama,Fantasy",7.5
tt1315981,A Single Man,2009,"Drama,Romance",7.5
tt0077975,National Lampoon's Animal House,1978,Comedy,7.5
tt0103074,Thelma & Louise,1991,"Adventure,Crime,Drama",7.5
tt0404203,Little Children,2006,"Drama,Romance",7.5
tt0408306,Munich,2005,"Action,Drama,History",7.5
tt0100802,Total Recall,1990,"Action,Sci-Fi,Thriller",7.5
tt12801262,Luca,2021,"Adventure,Animation,Comedy",7.5
tt0099871,Jacob's Ladder,1990,"Drama,Horror,Mystery",7.5
tt0369339,Collateral,2004,"Crime,Drama,Thriller",7.5
tt0373469,Kiss Kiss Bang Bang,2005,"Comedy,Crime,Mystery",7.5
tt1457767,The Conjuring,2013,"Horror,Mystery,Thriller",7.5
tt0106308,Army of Darkness,1992,"Comedy,Horror",7.5
tt0097351,Field of Dreams,1989,"Drama,Family,Fantasy",7.5
tt0110322,Legends of the Fall,1994,"Drama,Romance,War",7.5
tt0110148,Interview with the Vampire: The Vampire Chronicles,1994,"Drama,Fantasy,Horror",7.5
tt0338751,The Aviator,2004,"Biography,Drama",7.5
tt7984734,The Lighthouse,2019,"Drama,Fantasy,Horror",7.5
tt1542344,127 Hours,2010,"Biography,Drama",7.5
tt0082010,An American Werewolf in London,1981,"Comedy,Horror",7.5
tt1515091,Sherlock Holmes: A Game of Shadows,2011,"Action,Adventure,Mystery",7.5
tt0361596,Fahrenheit 9/11,2004,"Documentary,Drama,War",7.5
tt1465522,Tucker and Dale vs Evil,2010,"Comedy,Horror",7.5
tt4975722,Moonlight,2016,Drama,7.4
tt5109280,Raya and the Last Dragon,2021,"Action,Adventure,Animation",7.4
tt4846232,Good Time,2017,"Crime,Drama,Thriller",7.4
tt3521126,The Disaster Artist,2017,"Biography,Comedy,Drama",7.4
tt4209788,Molly's Game,2017,"Biography,Crime,Drama",7.4
tt3799694,The Nice Guys,2016,"Action,Comedy,Crime",7.4
tt4925292,Lady Bird,2017,"Comedy,Drama",7.4
tt4555426,Darkest Hour,2017,"Biography,Drama,War",7.4
tt3450958,War for the Planet of the Apes,2017,"Action,Adventure,Drama",7.4
tt2250912,Spider-Man: Homecoming,2017,"Action,Adventure,Sci-Fi",7.4
tt5727208,Uncut Gems,2019,"Crime,Drama,Thriller",7.4
tt3263904,Sully,2016,"Biography,Drama",7.4
tt1276104,Looper,2012,"Action,Drama,Sci-Fi",7.4
tt1229238,Mission: Impossible - Ghost Protocol,2011,"Action,Adventure,Thriller",7.4
tt1219289,Limitless,2011,"Sci-Fi,Thriller",7.4
tt1371111,Cloud Atlas,2012,"Action,Drama,Mystery",7.4
tt1197624,Law Abiding Citizen,2009,"Action,Crime,Drama",7.4
tt1193138,Up in the Air,2009,"Comedy,Drama,Romance",7.4
tt7888964,Nobody,2021,"Action,Crime,Drama",7.4
tt9484998,Palm Springs,2020,"Comedy,Fantasy,Mystery",7.4
tt1570728,"Crazy, Stupid, Love.",2011,"Comedy,Drama,Romance",7.4
tt1677720,Ready Player One,2018,"Action,Adventure,Sci-Fi",7.4
tt1727388,The Way Way Back,2013,"Comedy,Drama",7.4
tt1790885,Zero Dark Thirty,2012,"Drama,History,Thriller",7.4
tt1798684,Southpaw,2015,"Action,Crime,Drama",7.4
tt1872194,The Judge,2014,"Crime,Drama",7.4
tt1131729,The Boat That Rocked,2009,"Comedy,Drama,Music",7.4
tt1980929,Begin Again,2013,"Comedy,Drama,Music",7.4
tt7146812,Onward,2020,"Adventure,Animation,Comedy",7.4
tt6723592,Tenet,2020,"Action,Sci-Fi,Thriller",7.4
tt6320628,Spider-Man: Far from Home,2019,"Action,Adventure,Sci-Fi",7.4
tt2294629,Frozen,2013,"Adventure,Animation,Comedy",7.4
tt1038988,REC,2007,"Horror,Mystery,Thriller",7.4
tt2310332,The Hobbit: The Battle of the Five Armies,2014,"Adventure,Fantasy",7.4
tt2381249,Mission: Impossible - Rogue Nation,2015,"Action,Adventure,Thriller",7.4
tt2674426,Me Before You,2016,"Drama,Romance",7.4
tt2884206,I Origins,2014,"Drama,Mystery,Romance",7.4
tt2911666,John Wick,2014,"Action,Crime,Thriller",7.4
tt6146586,John Wick: Chapter 3 - Parabellum,2019,"Action,Crime,Thriller",7.4
tt3040964,The Jungle Book,2016,"Adventure,Comedy,Drama",7.4
tt3228774,Cruella,2021,"Adventure,Comedy,Crime",7.4
tt1935179,Mud,2012,Drama,7.4
tt9770150,Nomadland,2020,Drama,7.4
tt0451279,Wonder Woman,2017,"Action,Adventure,Fantasy",7.4
tt0085995,National Lampoon's Vacation,1983,"Adventure,Comedy",7.4
tt0464141,The Orphanage,2007,"Drama,Horror,Mystery",7.4
tt0088323,The NeverEnding Story,1984,"Adventure,Drama,Family",7.4
tt0290334,X2: X-Men United,2003,"Action,Sci-Fi,Thriller",7.4
tt0134119,The Talented Mr. Ripley,1999,"Crime,Drama,Thriller",7.4
tt0312004,Wallace & Gromit: The Curse of the Were-Rabbit,2005,"Adventure,Animation,Comedy",7.4
tt0091369,Labyrinth,1986,"Adventure,Family,Fantasy",7.4
tt0125664,Man on the Moon,1999,"Biography,Comedy,Drama",7.4
tt0295297,Harry Potter and the Chamber of Secrets,2002,"Adventure,Family,Fantasy",7.4
tt0311113,Master and Commander: The Far Side of the World,2003,"Action,Adventure,Drama",7.4
tt0399146,A History of Violence,2005,"Action,Drama,Thriller",7.4
tt0238380,Equilibrium,2002,"Action,Drama,Sci-Fi",7.4
tt0103874,Dracula,1992,"Fantasy,Horror",7.4
tt0116209,The English Patient,1996,"Drama,Romance,War",7.4
tt0397535,Memoirs of a Geisha,2005,"Drama,Romance",7.4
tt0094291,Wall Street,1987,"Crime,Drama",7.4
tt0385002,Green Street Hooligans,2005,"Crime,Drama,Sport",7.4
tt0387131,The Constant Gardener,2005,"Drama,Mystery,Romance",7.4
tt0120917,The Emperor's New Groove,2000,"Adventure,Animation,Comedy",7.4
tt0467406,Juno,2007,"Comedy,Drama",7.4
tt0120903,X-Men,2000,"Action,Adventure,Sci-Fi",7.4
tt0099088,Back to the Future Part III,1990,"Adventure,Comedy,Sci-Fi",7.4
tt0120663,Eyes Wide Shut,1999,"Drama,Mystery,Thriller",7.4
tt0097239,Driving Miss Daisy,1989,Drama,7.4
tt0138704,Pi,1998,"Drama,Horror,Mystery",7.4
tt0290673,Irreversible,2002,"Crime,Drama,Mystery",7.4
tt0117500,The Rock,1996,"Action,Adventure,Thriller",7.4
tt0074486,Eraserhead,1977,"Fantasy,Horror,Thriller",7.4
tt0195685,Erin Brockovich,2000,"Biography,Drama",7.4
tt0084805,Tootsie,1982,"Comedy,Drama,Romance",7.4
tt0073629,The Rocky Horror Picture Show,1975,"Comedy,Horror,Musical",7.4
tt0449467,Babel,2006,Drama,7.4
tt0795368,Death at a Funeral,2007,Comedy,7.4
tt0333766,Garden State,2004,"Comedy,Drama,Romance",7.4
tt0074285,Carrie,1976,"Horror,Mystery",7.4
tt0825232,The Bucket List,2007,"Adventure,Comedy,Drama",7.4
tt0272152,K-PAX,2001,"Drama,Mystery,Sci-Fi",7.4
tt0362227,The Terminal,2004,"Comedy,Drama,Romance",7.4
tt3183660,Fantastic Beasts and Where to Find Them,2016,"Adventure,Family,Fantasy",7.3
tt0116695,Jerry Maguire,1996,"Comedy,Drama,Romance",7.3
tt0117571,Scream,1996,"Horror,Mystery",7.3
tt3774114,Snowden,2016,"Biography,Crime,Drama",7.3
tt0120768,The Negotiator,1998,"Action,Crime,Drama",7.3
tt0393162,Coach Carter,2005,"Biography,Drama,Sport",7.3
tt0275847,Lilo & Stitch,2002,"Adventure,Animation,Comedy",7.3
tt0424345,Clerks II,2006,Comedy,7.3
tt1907668,Flight,2012,"Drama,Thriller",7.3
tt0120660,Enemy of the State,1998,"Action,Thriller",7.3
tt3488710,The Walk,2015,"Action,Adventure,Biography",7.3
tt0272338,Punch-Drunk Love,2002,"Comedy,Drama,Romance",7.3
tt0119282,Hercules,1997,"Adventure,Animation,Comedy",7.3
tt3065204,The Conjuring 2,2016,"Horror,Mystery,Thriller",7.3
tt0119654,Men in Black,1997,"Action,Adventure,Comedy",7.3
tt0408236,Sweeney Todd: The Demon Barber of Fleet Street,2007,"Drama,Horror,Musical",7.3
tt0120655,Dogma,1999,"Adventure,Comedy,Drama",7.3
tt0325805,Matchstick Men,2003,"Comedy,Crime,Drama",7.3
tt0443453,Borat: Cultural Learnings of America for Make Benefit Glorious Nation of Kazakhstan,2006,Comedy,7.3
tt0121164,Corpse Bride,2005,"Animation,Drama,Family",7.3
tt0120855,Tarzan,1999,"Adventure,Animation,Comedy",7.3
tt2883512,Chef,2014,"Adventure,Comedy,Drama",7.3
tt0340855,Monster,2003,"Biography,Crime,Drama",7.3
tt0217869,Unbreakable,2000,"Drama,Mystery,Sci-Fi",7.3
tt1596343,Fast Five,2011,"Action,Adventure,Crime",7.3
tt0186151,Frequency,2000,"Crime,Drama,Mystery",7.3
tt2277860,Finding Dory,2016,"Adventure,Animation,Comedy",7.3
tt0177789,Galaxy Quest,1999,"Adventure,Comedy,Sci-Fi",7.3
tt0359950,The Secret Life of Walter Mitty,2013,"Adventure,Comedy,Drama",7.3
tt0172493,"Girl, Interrupted",1999,"Biography,Drama",7.3
tt0162661,Sleepy Hollow,1999,"Fantasy,Horror,Mystery",7.3
tt2334873,Blue Jasmine,2013,"Comedy,Drama",7.3
tt0162346,Ghost World,2001,"Comedy,Drama",7.3
tt0362270,The Life Aquatic with Steve Zissou,2004,"Action,Adventure,Comedy",7.3
tt1458175,The Next Three Days,2010,"Action,Crime,Drama",7.3
tt0363547,Dawn of the Dead,2004,"Action,Horror",7.3
tt0147800,10 Things I Hate About You,1999,"Comedy,Drama,Romance",7.3
tt0145487,Spider-Man,2002,"Action,Adventure,Sci-Fi",7.3
tt2395427,Avengers: Age of Ultron,2015,"Action,Adventure,Sci-Fi",7.3
tt1446192,Rise of the Guardians,2012,"Action,Adventure,Animation",7.3
tt0332452,Troy,2004,"Drama,History",7.3
tt0375912,Layer Cake,2004,"Action,Crime,Drama",7.3
tt0128442,Rounders,1998,"Crime,Drama",7.3
tt1396484,It,2017,Horror,7.3
tt0379725,Capote,2005,"Biography,Crime,Drama",7.3
tt0122690,Ronin,1998,"Action,Crime,Thriller",7.3
tt0383574,Pirates of the Caribbean: Dead Man's Chest,2006,"Action,Adventure,Fantasy",7.3
tt2066051,Rocketman,2019,"Biography,Drama,Music",7.3
tt1638355,The Man from U.N.C.L.E.,2015,"Action,Adventure,Comedy",7.3
tt0316654,Spider-Man 2,2004,"Action,Adventure,Sci-Fi",7.3
tt2179136,American Sniper,2014,"Action,Biography,Drama",7.3
tt3967856,Okja,2017,"Action,Adventure,Drama",7.3
tt0090728,Big Trouble in Little China,1986,"Action,Adventure,Comedy",7.3
tt5606664,Doctor Sleep,2019,"Drama,Fantasy,Horror",7.3
tt0094737,Big,1988,"Comedy,Drama,Fantasy",7.3
tt1213641,First Man,2018,"Biography,Drama,History",7.3
tt0093822,Raising Arizona,1987,"Comedy,Crime",7.3
tt0093437,The Lost Boys,1987,"Comedy,Horror",7.3
tt1057500,Invictus,2009,"Biography,Drama,History",7.3
tt0093105,"Good Morning, Vietnam",1987,"Biography,Comedy,Drama",7.3
tt0478970,Ant-Man,2015,"Action,Adventure,Comedy",7.3
tt0929632,Precious,2009,Drama,7.3
tt1033575,The Descendants,2011,"Comedy,Drama",7.3
tt1032755,RocknRolla,2008,"Action,Crime,Thriller",7.3
tt6334354,The Suicide Squad,2021,"Action,Adventure,Comedy",7.3
tt0078346,Superman,1978,"Action,Adventure,Drama",7.3
tt6412452,The Ballad of Buster Scruggs,2018,"Comedy,Drama,Musical",7.3
tt0087538,The Karate Kid,1984,"Action,Drama,Family",7.3
tt0079817,Rocky II,1979,"Drama,Sport",7.3
tt1023114,The Way Back,2010,"Adventure,Drama,History",7.3
tt0087363,Gremlins,1984,"Comedy,Fantasy,Horror",7.3
tt0086960,Beverly Hills Cop,1984,"Action,Comedy,Crime",7.3
tt1001526,Megamind,2010,"Action,Animation,Comedy",7.3
tt8332922,A Quiet Place Part II,2020,"Drama,Horror,Sci-Fi",7.3
tt0780571,Mr. Brooks,2007,"Crime,Drama,Thriller",7.3
tt0084516,Poltergeist,1982,"Horror,Thriller",7.3
tt0309698,Identity,2003,"Mystery,Thriller",7.3
tt0983193,The Adventures of Tintin,2011,"Action,Adventure,Animation",7.3
tt7784604,Hereditary,2018,"Drama,Horror,Mystery",7.3
tt1825683,Black Panther,2018,"Action,Adventure,Sci-Fi",7.3
tt0080487,Caddyshack,1980,"Comedy,Sport",7.3
tt0805564,Lars and the Real Girl,2007,"Comedy,Drama,Romance",7.3
tt0959337,Revolutionary Road,2008,"Drama,Romance",7.3
tt5580390,The Shape of Water,2017,"Adventure,Drama,Fantasy",7.3
tt0096256,They Live,1988,"Action,Sci-Fi,Thriller",7.3
tt0096446,Willow,1988,"Action,Adventure,Drama",7.3
tt0292963,Before the Devil Knows You're Dead,2007,"Crime,Drama,Thriller",7.3
tt1212450,Lawless,2012,"Crime,Drama",7.3
tt4116284,The Lego Batman Movie,2017,"Action,Adventure,Animation",7.3
tt0436697,The Queen,2006,"Biography,Drama",7.3
tt0437086,Alita: Battle Angel,2019,"Action,Adventure,Sci-Fi",7.3
tt1817273,The Place Beyond the Pines,2012,"Crime,Drama,Thriller",7.3
tt0443272,Lincoln,2012,"Biography,Drama,History",7.3
tt2140479,The Accountant,2016,"Action,Crime,Drama",7.3
tt9243946,El Camino: A Breaking Bad Movie,2019,"Action,Crime,Drama",7.3
tt0445922,Across the Universe,2007,"Drama,Fantasy,History",7.3
tt1690953,Despicable Me 2,2013,"Adventure,Animation,Comedy",7.3
tt1189340,The Lincoln Lawyer,2011,"Crime,Drama,Mystery",7.3
tt0113118,Friday,1995,"Comedy,Drama",7.3
tt4172430,13 Hours,2016,"Action,Drama,History",7.3
tt0281358,A Walk to Remember,2002,"Drama,Romance",7.3
tt1878870,The Edge of Seventeen,2016,"Comedy,Drama",7.3
tt1174732,An Education,2009,Drama,7.3
tt0112740,Crimson Tide,1995,"Action,Drama,Thriller",7.3
tt0112461,The Basketball Diaries,1995,"Biography,Crime,Drama",7.3
tt0110632,Natural Born Killers,1994,"Action,Crime,Drama",7.3
tt0109686,Dumb and Dumber,1994,Comedy,7.3
tt4972582,Split,2016,"Horror,Thriller",7.3
tt0102685,Point Break,1991,"Action,Crime,Thriller",7.3
tt0101540,Cape Fear,1991,"Crime,Thriller",7.3
tt0462504,Rescue Dawn,2006,"Action,Biography,Drama",7.3
tt0462538,The Simpsons Movie,2007,"Adventure,Animation,Comedy",7.3
tt1120985,Blue Valentine,2010,"Drama,Romance",7.3
tt1109624,Paddington,2014,"Adventure,Animation,Comedy",7.3
tt7984766,The King,2019,"Biography,Drama,History",7.3
tt0298148,Shrek 2,2004,"Adventure,Animation,Comedy",7.2
tt0212720,A.I. Artificial Intelligence,2001,"Drama,Sci-Fi",7.2
tt2080374,Steve Jobs,2015,"Biography,Drama",7.2
tt0223897,Pay It Forward,2000,Drama,7.2
tt0234215,The Matrix Reloaded,2003,"Action,Sci-Fi",7.2
tt0293508,The Phantom of the Opera,2004,"Drama,Musical,Romance",7.2
tt0241303,Chocolat,2000,"Drama,Romance",7.2
tt1931533,Seven Psychopaths,2012,"Comedy,Crime",7.2
tt0277434,We Were Soldiers,2002,"Action,Drama,History",7.2
tt0278504,Insomnia,2002,"Drama,Mystery,Thriller",7.2
tt0289765,Red Dragon,2002,"Crime,Drama,Thriller",7.2
tt0119164,The Full Monty,1997,"Comedy,Drama",7.2
tt0203019,Men of Honor,2000,"Biography,Drama",7.2
tt0200465,The Bank Job,2008,"Crime,Drama,Thriller",7.2
tt0116367,From Dusk Till Dawn,1996,"Action,Crime,Horror",7.2
tt0113189,GoldenEye,1995,"Action,Adventure,Thriller",7.2
tt0112851,Desperado,1995,"Action,Crime,Thriller",7.2
tt4276820,The Founder,2016,"Biography,Drama",7.2
tt0111503,True Lies,1994,"Action,Comedy,Thriller",7.2
tt0111257,Speed,1994,"Action,Adventure,Thriller",7.2
tt0097733,Lethal Weapon 2,1989,"Action,Crime,Thriller",7.2
tt0096969,Born on the Fourth of July,1989,"Biography,Drama,War",7.2
tt6264654,Free Guy,2021,"Action,Adventure,Comedy",7.2
tt6266538,Vice,2018,"Biography,Comedy,Drama",7.2
tt6294822,The Post,2017,Drama,7.2
tt0083929,Fast Times at Ridgemont High,1982,"Comedy,Drama",7.2
tt0082340,Escape from New York,1981,"Action,Adventure,Sci-Fi",7.2
tt0077631,Grease,1978,"Musical,Romance",7.2
tt0070379,Mean Streets,1973,"Crime,Drama,Thriller",7.2
tt0118617,Anastasia,1997,"Adventure,Animation,Drama",7.2
tt3532216,American Made,2017,"Action,Comedy,Crime",7.2
tt0118842,Chasing Amy,1997,"Comedy,Drama,Romance",7.2
tt2671706,Fences,2016,Drama,7.2
tt0187393,The Patriot,2000,"Action,Drama,History",7.2
tt0159365,Cold Mountain,2003,"Adventure,Drama,History",7.2
tt0159097,The Virgin Suicides,1999,"Drama,Romance",7.2
tt2402927,Carol,2015,"Drama,Romance",7.2
tt0133240,Treasure Planet,2002,"Adventure,Animation,Family",7.2
tt0123755,Cube,1997,"Drama,Horror,Mystery",7.2
tt2763304,T2 Trainspotting,2017,Drama,7.2
tt0119094,Face/Off,1997,"Action,Crime,Sci-Fi",7.2
tt2866360,Coherence,2013,"Drama,Mystery,Sci-Fi",7.2
tt0120623,A Bug's Life,1998,"Adventure,Animation,Comedy",7.2
tt0120201,Starship Troopers,1997,"Action,Adventure,Sci-Fi",7.2
tt0119643,Meet Joe Black,1998,"Drama,Fantasy,Romance",7.2
tt3464902,The Lobster,2015,"Comedy,Drama,Romance",7.2
tt1800241,American Hustle,2013,"Crime,Drama",7.2
tt1809398,Unbroken,2014,"Action,Biography,Drama",7.2
tt0414993,The Fountain,2006,"Drama,Mystery,Romance",7.2
tt1192628,Rango,2011,"Adventure,Animation,Comedy",7.2
tt0448134,Sunshine,2007,"Sci-Fi,Thriller",7.2
tt0360717,King Kong,2005,"Action,Adventure,Drama",7.2
tt0435625,The Descent,2005,"Adventure,Horror,Thriller",7.2
tt0393109,Brick,2005,"Action,Crime,Drama",7.2
tt0822854,Shooter,2007,"Action,Drama,Thriller",7.2
tt0398808,Bridge to Terabithia,2007,"Drama,Family,Fantasy",7.2
tt1638002,"Love, Rosie",2014,"Comedy,Romance",7.2
tt0372588,Team America: World Police,2004,"Action,Comedy",7.2
tt1302011,Kung Fu Panda 2,2011,"Action,Adventure,Animation",7.2
tt0335345,The Passion of the Christ,2004,Drama,7.2
tt0488120,Fracture,2007,"Crime,Drama,Thriller",7.2
tt1453405,Monsters University,2013,"Adventure,Animation,Comedy",7.2
tt1568911,War Horse,2011,"Action,Adventure,Drama",7.2
tt1232829,21 Jump Street,2012,"Action,Comedy,Crime",7.2
tt0481499,The Croods,2013,"Adventure,Animation,Comedy",7.2
tt1560747,The Master,2012,Drama,7.2
tt1034303,Defiance,2008,"Action,Drama,History",7.2
tt0299658,Chicago,2002,"Comedy,Crime,Musical",7.2
tt1527186,Melancholia,2011,"Drama,Sci-Fi",7.2
tt0357413,Anchorman: The Legend of Ron Burgundy,2004,Comedy,7.2
tt1489887,Booksmart,2019,Comedy,7.2
tt0412019,Broken Flowers,2005,"Comedy,Drama,Mystery",7.2
tt1399683,Winter's Bone,2010,"Drama,Mystery",7.2
tt0480249,I Am Legend,2007,"Action,Adventure,Drama",7.2
tt0376541,Closer,2004,"Drama,Romance",7.2
tt1692486,Carnage,2011,"Comedy,Drama",7.2
tt1343092,The Great Gatsby,2013,"Drama,Romance",7.2
tt0898367,The Road,2009,Drama,7.2
tt1139328,The Ghost Writer,2010,"Crime,Drama,Mystery",7.2
tt0309987,The Dreamers,2003,"Drama,Romance",7.2
tt1723811,Shame,2011,Drama,7.2
tt0390521,Super Size Me,2004,Documentary,7.2
tt0455944,The Equalizer,2014,"Action,Crime,Thriller",7.2
tt1179933,10 Cloverfield Lane,2016,"Action,Drama,Horror",7.2
tt0838221,The Darjeeling Limited,2007,"Adventure,Comedy,Drama",7.2
tt0465538,Michael Clayton,2007,"Crime,Drama,Mystery",7.2
tt1670345,Now You See Me,2013,"Crime,Mystery,Thriller",7.2
tt1655441,The Age of Adaline,2015,"Drama,Fantasy,Romance",7.2
tt0490215,Silence,2016,"Drama,History",7.2
tt0320661,Kingdom of Heaven,2005,"Action,Adventure,Drama",7.2
tt1327773,Lee Daniels' The Butler,2013,"Biography,Drama",7.2
tt1392170,The Hunger Games,2012,"Action,Adventure,Sci-Fi",7.2
tt6343314,Creed II,2018,"Drama,Sport",7.1
tt0120784,Payback,1999,"Action,Crime,Drama",7.1
tt0120188,Three Kings,1999,"Action,Adventure,Comedy",7.1
tt0120611,Blade,1998,"Action,Horror,Sci-Fi",7.1
tt0405296,A Scanner Darkly,2006,"Animation,Crime,Drama",7.1
tt0120794,The Prince of Egypt,1998,"Adventure,Animation,Drama",7.1
tt0091203,Highlander,1986,"Action,Adventure,Fantasy",7.1
tt1340800,Tinker Tailor Soldier Spy,2011,"Drama,Mystery,Thriller",7.1
tt0405422,The 40-Year-Old Virgin,2005,"Comedy,Romance",7.1
tt1334260,Never Let Me Go,2010,"Drama,Romance,Sci-Fi",7.1
tt1300854,Iron Man 3,2013,"Action,Adventure,Sci-Fi",7.1
tt0298203,8 Mile,2002,"Drama,Music",7.1
tt3640424,Allied,2016,"Action,Drama,Romance",7.1
tt0120102,Seven Years in Tibet,1997,"Adventure,Biography,Drama",7.1
tt0094898,Coming to America,1988,"Comedy,Romance",7.1
tt0100405,Pretty Woman,1990,"Comedy,Romance",7.1
tt0099653,Ghost,1990,"Drama,Fantasy,Romance",7.1
tt0099423,Die Hard 2,1990,"Action,Thriller",7.1
tt0109831,Four Weddings and a Funeral,1994,"Comedy,Drama,Romance",7.1
tt1124035,The Ides of March,2011,"Drama,Thriller",7.1
tt11083552,Wrath of Man,2021,"Action,Crime,Thriller",7.1
tt0111282,Stargate,1994,"Action,Adventure,Sci-Fi",7.1
tt0453467,Deja Vu,2006,"Action,Crime,Sci-Fi",7.1
tt0452694,The Time Traveler's Wife,2009,"Comedy,Drama,Fantasy",7.1
tt1172570,Bronson,2008,"Action,Biography,Crime",7.1
tt0449088,Pirates of the Caribbean: At World's End,2007,"Action,Adventure,Fantasy",7.1
tt4160708,Don't Breathe,2016,"Crime,Horror,Thriller",7.1
tt0113749,Mallrats,1995,"Comedy,Romance",7.1
tt0479143,Rocky Balboa,2006,"Action,Drama,Sport",7.1
tt1217209,Brave,2012,"Adventure,Animation,Comedy",7.1
tt0468492,The Host,2006,"Action,Drama,Horror",7.1
tt0472033,9,2009,"Action,Adventure,Animation",7.1
tt0094012,Spaceballs,1987,"Adventure,Comedy,Sci-Fi",7.1
tt0473705,State of Play,2009,"Crime,Drama,Mystery",7.1
tt0117060,Mission: Impossible,1996,"Action,Adventure,Thriller",7.1
tt1228987,Let Me In,2010,"Drama,Fantasy,Horror",7.1
tt6628394,Bad Times at the El Royale,2018,"Crime,Drama,Mystery",7.1
tt0424136,Hard Candy,2005,"Drama,Thriller",7.1
tt1051906,The Invisible Man,2020,"Drama,Horror,Mystery",7.1
tt0418689,Flags of Our Fathers,2006,"Action,Adventure,Drama",7.1
tt3470600,Sing,2016,"Animation,Comedy,Family",7.1
tt2820852,Furious 7,2015,"Action,Adventure,Thriller",7.1
tt5052474,Sicario: Day of the Soldado,2018,"Action,Adventure,Crime",7.1
tt2771200,Beauty and the Beast,2017,"Adventure,Family,Fantasy",7.1
tt0266987,Spy Game,2001,"Action,Crime,Thriller",7.1
tt0810819,The Danish Girl,2015,"Biography,Drama,Romance",7.1
tt1343727,Dredd,2012,"Action,Crime,Sci-Fi",7.1
tt1600196,The Drop,2014,"Crime,Drama,Thriller",7.1
tt1615147,Margin Call,2011,"Drama,Thriller",7.1
tt0822832,Marley & Me,2008,"Comedy,Drama,Family",7.1
tt0332379,School of Rock,2003,"Comedy,Music",7.1
tt2053463,Side Effects,2013,"Crime,Drama,Mystery",7.1
tt0247745,Super Troopers,2001,"Comedy,Crime,Mystery",7.1
tt0251160,John Q,2002,"Crime,Drama,Thriller",7.1
tt2005151,War Dogs,2016,"Biography,Comedy,Crime",7.1
tt1981677,Pitch Perfect,2012,"Comedy,Music,Romance",7.1
tt0257360,About Schmidt,2002,"Comedy,Drama",7.1
tt0076752,The Spy Who Loved Me,1977,"Action,Adventure,Thriller",7.1
tt0343818,"I, Robot",2004,"Action,Mystery,Sci-Fi",7.1
tt0276751,About a Boy,2002,"Comedy,Drama,Romance",7.1
tt8772262,Midsommar,2019,"Drama,Horror,Mystery",7.1
tt0832266,"Definitely, Maybe",2008,"Comedy,Drama,Romance",7.1
tt0837562,Hotel Transylvania,2012,"Adventure,Animation,Comedy",7.1
tt0317219,Cars,2006,"Adventure,Animation,Comedy",7.1
tt0884328,The Mist,2007,"Horror,Sci-Fi,Thriller",7.1
tt1706620,Snowpiercer,2013,"Action,Drama,Sci-Fi",7.1
tt1860357,Deepwater Horizon,2016,"Action,Drama,History",7.1
tt1714206,The Spectacular Now,2013,"Comedy,Drama,Romance",7.1
tt9495224,Black Mirror: Bandersnatch,2018,"Drama,Fantasy,Mystery",7.1
tt0298130,The Ring,2002,"Horror,Mystery",7.1
tt0302886,Old School,2003,Comedy,7.1
tt0804497,It's Kind of a Funny Story,2010,"Comedy,Drama,Romance",7.1
tt0337978,Live Free or Die Hard,2007,"Action,Thriller",7.1
tt0985699,Valkyrie,2008,"Drama,History,Thriller",7.1
tt0758774,Body of Lies,2008,"Action,Drama,Thriller",7.1
tt1450321,Filth,2013,"Action,Comedy,Crime",7.1
tt0366627,The Jacket,2005,"Drama,Fantasy,Mystery",7.1
tt0765010,Brothers,2009,"Action,Drama,Thriller",7.1
tt0134847,Pitch Black,2000,"Action,Horror,Sci-Fi",7.1
tt0780521,The Princess and the Frog,2009,"Adventure,Animation,Comedy",7.1
tt1403981,Remember Me,2010,"Drama,Romance",7.1
tt0129387,There's Something About Mary,1998,"Comedy,Romance",7.1
tt2361509,The Intern,2015,"Comedy,Drama",7.1
tt7395114,The Devil All the Time,2020,"Crime,Drama,Thriller",7.1
tt0125439,Notting Hill,1999,"Comedy,Drama,Romance",7.1
tt2305051,Wild,2014,"Adventure,Biography,Drama",7.1
tt0138097,Shakespeare in Love,1998,"Comedy,Drama,History",7.1
tt1019452,A Serious Man,2009,"Comedy,Drama",7.1
tt1389137,We Bought a Zoo,2011,"Comedy,Drama,Family",7.1
tt0800039,Forgetting Sarah Marshall,2008,"Comedy,Drama,Romance",7.1
tt0497465,Vicky Cristina Barcelona,2008,"Comedy,Drama,Romance",7.1
tt0100814,Tremors,1990,"Comedy,Horror",7.1
tt2692904,Locke,2013,Drama,7.1
tt2267968,Kung Fu Panda 3,2016,"Action,Adventure,Animation",7.1
tt2719848,Everest,2015,"Action,Adventure,Biography",7.1
tt0842926,The Kids Are All Right,2010,"Comedy,Drama,Romance",7.0
tt0462499,Rambo,2008,"Action,Adventure,Thriller",7.0
tt0088128,Sixteen Candles,1984,"Comedy,Romance",7.0
tt5095030,Ant-Man and the Wasp,2018,"Action,Adventure,Comedy",7.0
tt7959026,The Mule,2018,"Crime,Drama,Thriller",7.0
tt0770828,Man of Steel,2013,"Action,Adventure,Sci-Fi",7.0
tt0096928,Bill & Ted's Excellent Adventure,1989,"Adventure,Comedy,Music",7.0
tt0942385,Tropic Thunder,2008,"Action,Comedy,War",7.0
tt0093177,Hellraiser,1987,"Horror,Thriller",7.0
tt0800369,Thor,2011,"Action,Adventure,Fantasy",7.0
tt1060277,Cloverfield,2008,"Action,Horror,Sci-Fi",7.0
tt0816711,World War Z,2013,"Action,Adventure,Horror",7.0
tt0092890,Dirty Dancing,1987,"Drama,Music,Romance",7.0
tt8228288,The Platform,2019,"Horror,Sci-Fi,Thriller",7.0
tt5715874,The Killing of a Sacred Deer,2017,"Drama,Horror,Mystery",7.0
tt5439796,Logan Lucky,2017,"Action,Comedy,Crime",7.0
tt0472062,Charlie Wilson's War,2007,"Biography,Comedy,Drama",7.0
tt0790724,Jack Reacher,2012,"Action,Thriller",7.0
tt1077258,Planet Terror,2007,"Action,Comedy,Fantasy",7.0
tt1092026,Paul,2011,"Adventure,Comedy,Sci-Fi",7.0
tt1100089,Foxcatcher,2014,"Biography,Drama,History",7.0
tt5848272,Ralph Breaks the Internet,2018,"Adventure,Animation,Comedy",7.0
tt1028528,Death Proof,2007,"Action,Thriller",7.0
tt1259521,The Cabin in the Woods,2011,"Horror,Mystery,Thriller",7.0
tt1135503,Julie & Julia,2009,"Biography,Drama,Romance",7.0
tt0342258,Unleashed,2005,"Action,Crime,Drama",7.0
tt0120902,The X Files,1998,"Drama,Mystery,Sci-Fi",7.0
tt1355644,Passengers,2016,"Drama,Romance,Sci-Fi",7.0
tt1385826,The Adjustment Bureau,2011,"Romance,Sci-Fi,Thriller",7.0
tt2660888,Star Trek Beyond,2016,"Action,Adventure,Sci-Fi",7.0
tt0377092,Mean Girls,2004,Comedy,7.0
tt0369610,Jurassic World,2015,"Action,Adventure,Sci-Fi",7.0
tt1446714,Prometheus,2012,"Adventure,Mystery,Sci-Fi",7.0
tt0366551,Harold & Kumar Go to White Castle,2004,"Adventure,Comedy",7.0
tt1462758,Buried,2010,"Drama,Mystery,Thriller",7.0
tt1483013,Oblivion,2013,"Action,Adventure,Sci-Fi",7.0
tt0163651,American Pie,1999,Comedy,7.0
tt2294449,22 Jump Street,2014,"Action,Comedy,Crime",7.0
tt0360486,Constantine,2005,"Action,Fantasy,Horror",7.0
tt0183649,Phone Booth,2002,"Crime,Thriller",7.0
tt2222042,Love and Monsters,2020,"Action,Adventure,Comedy",7.0
tt0461770,Enchanted,2007,"Adventure,Animation,Comedy",7.0
tt1563738,One Day,2011,"Drama,Romance",7.0
tt1567609,Get the Gringo,2012,"Action,Crime,Drama",7.0
tt0212338,Meet the Parents,2000,"Comedy,Romance",7.0
tt1587310,Maleficent,2014,"Action,Adventure,Family",7.0
tt1615160,The Foreigner,2017,"Action,Thriller",7.0
tt0320691,Underworld,2003,"Action,Fantasy,Thriller",7.0
tt1650062,Super 8,2011,"Mystery,Sci-Fi,Thriller",7.0
tt0319343,Elf,2003,"Adventure,Comedy,Family",7.0
tt0317740,The Italian Job,2003,"Action,Crime,Thriller",7.0
tt1905041,Fast & Furious 6,2013,"Action,Adventure,Thriller",7.0
tt1706593,Chronicle,2012,"Action,Drama,Sci-Fi",7.0
tt1862079,Safety Not Guaranteed,2012,"Comedy,Drama,Romance",7.0
tt1723121,We're the Millers,2013,"Comedy,Crime",7.0
tt0307987,Bad Santa,2003,"Comedy,Crime,Drama",7.0
tt0120889,What Dreams May Come,1998,"Drama,Fantasy,Romance",7.0
tt0120812,Rush Hour,1998,"Action,Comedy,Crime",7.0
tt3079380,Spy,2015,"Action,Comedy",7.0
tt0120630,Chicken Run,2000,"Adventure,Animation,Comedy",7.0
tt0103772,Basic Instinct,1992,"Drama,Mystery,Thriller",7.0
tt0103776,Batman Returns,1992,"Action,Crime,Fantasy",7.0
tt0105793,Wayne's World,1992,"Comedy,Music",7.0
tt0107614,Mrs. Doubtfire,1993,"Comedy,Drama,Family",7.0
tt1148204,Orphan,2009,"Horror,Mystery,Thriller",7.0
tt0110478,Maverick,1994,"Action,Adventure,Comedy",7.0
tt1152836,Public Enemies,2009,"Action,Biography,Crime",7.0
tt1155056,"I Love You, Man",2009,"Comedy,Romance",7.0
tt4178092,The Gift,2015,"Drama,Mystery,Thriller",7.0
tt0448115,Shazam!,2019,"Action,Adventure,Comedy",7.0
tt4062536,Green Room,2015,"Horror,Thriller",7.0
tt4034354,Swiss Army Man,2016,"Comedy,Drama,Fantasy",7.0
tt0113497,Jumanji,1995,"Adventure,Comedy,Family",7.0
tt1213663,The World's End,2013,"Comedy,Sci-Fi",7.0
tt0433035,Real Steel,2011,"Action,Drama,Sci-Fi",7.0
tt0116483,Happy Gilmore,1996,"Comedy,Sport",7.0
tt0116583,The Hunchback of Notre Dame,1996,"Animation,Drama,Family",7.0
tt0431308,P.S. I Love You,2007,"Comedy,Drama,Romance",7.0
tt0116629,Independence Day,1996,"Action,Adventure,Sci-Fi",7.0
tt1228705,Iron Man 2,2010,"Action,Adventure,Sci-Fi",7.0
tt0431197,The Kingdom,2007,"Action,Drama,Thriller",7.0
tt0118655,Austin Powers: International Man of Mystery,1997,"Adventure,Comedy",7.0
tt1245526,RED,2010,"Action,Comedy,Crime",7.0
tt0418763,Jarhead,2005,"Action,Biography,Drama",7.0
tt1259528,Den of Thieves,2018,"Action,Crime,Drama",7.0
tt0418279,Transformers,2007,"Action,Adventure,Sci-Fi",7.0
tt0411477,Hellboy II: The Golden Army,2008,"Action,Adventure,Fantasy",7.0
tt1282140,Easy A,2010,"Comedy,Drama,Romance",7.0
tt0120616,The Mummy,1999,"Action,Adventure,Fantasy",7.0
tt0887883,Burn After Reading,2008,"Comedy,Crime,Drama",7.0
